{
  "timestamp": "2026-06-14T05:38:17.884994",
  "method": "Practical FSL ansatz Eq. (30)",
  "fit_schedule": "cosine",
  "test_schedule": "wsd",
  "target": "EMA loss",
  "fit_points": 535,
  "source_features": {
    "source_stride": 50,
    "n_raw_positive_sources": 33906,
    "n_compressed_sources": 679
  },
  "huber_delta": 0.001,
  "best": {
    "objective": 0.0003939575113907971,
    "success": true,
    "status": 0,
    "message": "CONVERGENCE: NORM_OF_PROJECTED_GRADIENT_<=_PGTOL",
    "params": {
      "L0": 2.8069188804329466,
      "c1": 1.2201501820411287,
      "c2": 1.4562124474353542,
      "c3": 169.12334133401842,
      "c4": 0.7716546431957408,
      "s": 1.1563714137230927,
      "gamma": 1.4678803026451013
    },
    "theta_transformed": [
      2.8069188804329466,
      0.19897395120268982,
      0.3758388508305233,
      5.130628279105201,
      -0.25921818242312616,
      1.1563714137230927,
      1.4678803026451013
    ],
    "restart": 9
  },
  "model_id": "f64fa9c6d9f6",
  "WSD_loss_used_for_fit_or_selection": false
}