{
  "method": "MTL",
  "lambda": 0.9997,
  "params": [
    2.7284210564756814,
    774.0970766973335,
    4.931754302546564e-05,
    0.93426651623693
  ],
  "objective": 0.00011095145309824642
}