{
  "wsd_test_rmse_ema_full": 0.015403891057018722,
  "wsd_test_rmse_ema_tail20": 0.03088490181318073,
  "wsd_test_finale_ema": 0.016699666730503715,
  "wsd_test_rmse_raw_full": 0.044147086903361075,
  "wsd_test_mae_ema_full": 0.010003075956398516,
  "cosine_fit_rmse_ema_full": 0.006571710353938633,
  "cosine_fit_rmse_ema_tail20": 0.002894693977704286,
  "aux_811_rmse_ema_full": 0.013580725288558939,
  "aux_811_rmse_ema_tail20": 0.02624946192743652,
  "sanity": {
    "all_finite": true,
    "all_positive": true,
    "monotone_nonincreasing_frac": 1.0
  }
}