{
  "strict:MTL": {
    "method": "MTL",
    "lambda": 0.99,
    "params": [
      2.8085037274185622,
      3588.968218515231,
      0.001994900705239749,
      1.1551999704283529
    ],
    "objective": 9.15661640241161e-05
  },
  "strict:MPL": {
    "method": "MPL",
    "params": [
      2.553780543200098,
      38.317333000758005,
      1.061803162334986,
      3.5605693606432904e-05,
      0.5216081764445778,
      0.6092339594311135,
      0.5568196128685923
    ],
    "objective": 0.00026544873691779035,
    "source_stride": 100
  },
  "strict:FSL-MPL+ small": {
    "method": "FSL-MPL+ small",
    "params": [
      2.512222255241439,
      36.81032073262319,
      0.3147654116832695,
      0.5038674760624182,
      0.00020467825665474666,
      0.9528367422508873,
      0.49038424588672824
    ],
    "objective": 0.00026125955928691085,
    "source_stride": 100
  },
  "strict:FSL-MPL+ source": {
    "method": "FSL-MPL+ source",
    "params": [
      2.5396358872770786,
      48.74547392000942,
      1.089051604107982,
      0.5443247983760767,
      4.356407203746364e-05,
      0.8124720325775963,
      0.3983341306007284,
      0.8257230915915316
    ],
    "objective": 0.00025277124957852386,
    "source_stride": 100
  },
  "strict:FSL-MPL+ source + NCPL-lite": {
    "method": "FSL-MPL+ source + NCPL-lite",
    "base": {
      "method": "FSL-MPL+ source",
      "params": [
        2.5396358872770786,
        48.74547392000942,
        1.089051604107982,
        0.5443247983760767,
        4.356407203746364e-05,
        0.8124720325775963,
        0.3983341306007284,
        0.8257230915915316
      ],
      "objective": 0.00025277124957852386,
      "source_stride": 100
    },
    "alpha": 0.1,
    "coef": [
      0.05743707448490477,
      0.004931268192100239,
      -0.004931268192097987,
      3.248137580324946e-05,
      0.0,
      0.05640633151116142
    ],
    "intercept": 0.0014092481092664482,
    "mean": [
      9.496612271718604,
      0.37370030801636245,
      0.6262996919836333,
      0.6599872367581366,
      1.0,
      0.009164938526117723
    ],
    "scale": [
      0.5897045629192299,
      0.31761279581573404,
      0.3176127958157312,
      0.3045775032115692,
      1.0,
      0.00402893864985023
    ],
    "mse": 5.17331471214044e-06
  },
  "strict:KMTL-m2": {
    "method": "KMTL-m2",
    "params": [
      2.093679146729288,
      57.63038751904518,
      1e-10,
      0.4682125257528508,
      0.3343901229668801,
      0.9392376320853506
    ],
    "lambdas": [
      0.99,
      0.999
    ],
    "objective": 0.000906436688672444
  },
  "strict:KMTL-m3": {
    "method": "KMTL-m3",
    "params": [
      2.4443095648743998,
      26.394030101060537,
      4.273421098330555e-05,
      0.4497780937935987,
      0.7043212564892664,
      0.663733809358345,
      0.5255930178351155
    ],
    "lambdas": [
      0.99,
      0.999,
      0.9999
    ],
    "objective": 0.0002469375141364033
  },
  "tail_weight_1.0:MTL": {
    "method": "MTL",
    "lambda": 0.95,
    "params": [
      2.8401927290263296,
      12351.234218433594,
      0.010899076035495798,
      1.3261731158465222
    ],
    "objective": 9.225040945026152e-05
  },
  "tail_weight_1.0:FSL-MPL+ small": {
    "method": "FSL-MPL+ small",
    "params": [
      2.547004130580928,
      42.265110040061984,
      1.1090333953220324,
      0.5306309234116164,
      1.7142747124548944e-05,
      0.7542951016416064,
      0.9862246295035745
    ],
    "objective": 0.00022902520760563898,
    "source_stride": 100
  },
  "tail_weight_1.0:KMTL-m3": {
    "method": "KMTL-m3",
    "params": [
      1.78989188093483,
      15.520921699731122,
      4.1959363126168114e-06,
      0.289824061680586,
      0.2861644070268429,
      0.2769888391889018,
      0.7432089469552113
    ],
    "lambdas": [
      0.99,
      0.999,
      0.9999
    ],
    "objective": 0.0005219919453885973
  },
  "tail_weight_2.0:MTL": {
    "method": "MTL",
    "lambda": 0.99,
    "params": [
      2.764426515840388,
      835.455379733791,
      0.0018029217046976632,
      0.956161662759812
    ],
    "objective": 0.00015940645087467496
  },
  "tail_weight_2.0:FSL-MPL+ small": {
    "method": "FSL-MPL+ small",
    "params": [
      1.8491347115568622,
      145.00516553994643,
      0.11726961508766279,
      0.5265273407165401,
      1e-07,
      0.563167966042852,
      0.4010461385003226
    ],
    "objective": 0.002510660648287519,
    "source_stride": 100
  },
  "tail_weight_2.0:KMTL-m3": {
    "method": "KMTL-m3",
    "params": [
      2.576710706397893,
      5.546415376402478,
      0.0001316174534742825,
      0.19344937016250002,
      0.46032473359607035,
      0.9036473019817137,
      0.8920559701484068
    ],
    "lambdas": [
      0.99,
      0.999,
      0.9999
    ],
    "objective": 0.015194019684405164
  },
  "step_transfer:MTL": {
    "method": "MTL",
    "lambda": 0.99,
    "params": [
      2.8232171365096996,
      5939.442878685687,
      0.0020828562501697826,
      1.2251923804133489
    ],
    "objective": 9.933352302547045e-05
  },
  "step_transfer:MPL": {
    "method": "MPL",
    "params": [
      2.6172332987972973,
      53.293320330637414,
      1.3330412948445356,
      0.06543825320182117,
      0.5749627003448334,
      0.02164990891334893,
      0.02099770827272177
    ],
    "objective": 0.0003132502612030015,
    "source_stride": 100
  },
  "step_transfer:FSL-MPL+ small": {
    "method": "FSL-MPL+ small",
    "params": [
      2.451267381334083,
      17.919699779753095,
      0.5838275404683375,
      0.40783084055965785,
      5.203261022342333e-05,
      0.5847751633981811,
      0.8062792847529257
    ],
    "objective": 0.0002963379673250626,
    "source_stride": 100
  },
  "step_transfer:FSL-MPL+ source": {
    "method": "FSL-MPL+ source",
    "params": [
      2.1798920070344385,
      7.782050871049305,
      0.20856081838273546,
      0.2625479065263617,
      0.00011312548743510241,
      0.7310824665144648,
      1.1266119275912267,
      1.832069662764848
    ],
    "objective": 0.00034371628379766125,
    "source_stride": 100
  },
  "step_transfer:KMTL-m2": {
    "method": "KMTL-m2",
    "params": [
      2.634128453699529,
      80.52429749640574,
      0.00034472392780847774,
      0.627621263255919,
      1.2257371940533661,
      0.7023225399044795
    ],
    "lambdas": [
      0.99,
      0.999
    ],
    "objective": 0.0002552692704443552
  },
  "step_transfer:KMTL-m3": {
    "method": "KMTL-m3",
    "params": [
      2.2362624937559827,
      287.98835302161234,
      1e-10,
      0.6609304752813978,
      0.6560716950985448,
      0.37039259151729637,
      0.3838806558848723
    ],
    "lambdas": [
      0.99,
      0.999,
      0.9999
    ],
    "objective": 0.001509297869373178
  },
  "aux_schedule:MTL": {
    "method": "MTL",
    "lambda": 0.99,
    "params": [
      2.7790460584285896,
      2516.8246847649284,
      0.00166515393754266,
      1.1004691065469552
    ],
    "objective": 0.0005834633077142326
  },
  "aux_schedule:MPL": {
    "method": "MPL",
    "params": [
      2.369973624200512,
      10.298307637225765,
      0.33246723034967607,
      8.867248894724766e-05,
      0.32660219191175066,
      1.0134202019547807,
      0.886997369476321
    ],
    "objective": 0.0008519303077653933,
    "source_stride": 100
  },
  "aux_schedule:FSL-MPL+ small": {
    "method": "FSL-MPL+ small",
    "params": [
      2.641493074396606,
      71.59276314905351,
      0.20854205130368944,
      0.619452804173082,
      0.0014063768512999958,
      0.5840568104546139,
      0.5955410570010716
    ],
    "objective": 0.0006427073893667742,
    "source_stride": 100
  },
  "aux_schedule:FSL-MPL+ source": {
    "method": "FSL-MPL+ source",